<?xml version="1.0" encoding="UTF-8"?>
<Window size="285,80">
    <ListContainerElement class="listitem">
        <VBox height="100" mouse="false" padding="5,5,5,5">
            <HBox margin="0,3,0,0" mouse="false">
                <VBox width="110">
                    <Label name="team_player_name" singleline="true" align="left"
                        normaltextcolor="red" />
                    <Label name="team_player_level" singleline="true" align="left" />
                </VBox>

                <VBox width="85">
                    <Label text="本赛季:单双/灵活" normaltextcolor="blue" font="system_10" />
                    <Label name="team_player_rank_SOLO" normaltextcolor="blue" font="system_10" />
                    <Label name="team_player_rank_FLEX" normaltextcolor="blue" font="system_10" />
                </VBox>

                <VBox width="85">
                    <Label text="上赛季:单双/灵活" font="system_10" />
                    <Label name="team_player_rank_SOLO_last" font="system_10" />
                    <Label name="team_player_rank_FLEX_last" font="system_10" />
                </VBox>

            </HBox>


            <HBox margin="0,0,0,5" mouse="false" height="42">
                <Label name="熟练度top:" />
                <Control name="top1" halign="center" valign="bottom" width="40" height="40"
                    bordercolor="bk_wnd_lightcolor" bordersize="2,2,2,2" />
                <Control name="top2" halign="center" valign="bottom" width="40" height="40"
                    bordercolor="bk_wnd_lightcolor" bordersize="2,2,2,2" />
                <Control name="top3" halign="center" valign="bottom" width="40" height="40"
                    bordercolor="bk_wnd_lightcolor" bordersize="2,2,2,2" />
                <Control name="top4" halign="center" valign="bottom" width="40" height="40"
                    bordercolor="bk_wnd_lightcolor" bordersize="2,2,2,2" />
                <Control name="top5" halign="center" valign="bottom" width="40" height="40"
                    bordercolor="bk_wnd_lightcolor" bordersize="2,2,2,2" />
                <Control name="top6" halign="center" valign="bottom" width="40" height="40"
                    bordercolor="bk_wnd_lightcolor" bordersize="2,2,2,2" />
            </HBox>
        </VBox>
    </ListContainerElement>
</Window>