<?xml version="1.0" encoding="UTF-8"?>
<Window size="320,450" caption="0,0,0,35">
    <VBox bkcolor="bk_wnd_darkcolor">
        <HBox width="stretch" height="auto" bkcolor="bk_wnd_lightcolor">
            <Control height="auto" width="auto" margin="4" valign="center" bkimage="logo_18x18.png" />
            <Label text="选择英雄" margin="2,0,0,0" valign="center" />
            <Control />
            <Button class="btn_wnd_close" name="closebtn" margin="0,0,0,0" />
        </HBox>

        <VBox margin="5,0,5,5">
            <VBox width="300" height="400">
                <VirtualTileBox class="list" name="list" padding="2,2,2,2" column="4"
                    bordercolor="splitline_level2" bordersize="1" itemsize="75,75"> </VirtualTileBox>
            </VBox>
            <HBox margin="0,5,0,0">
                <Label text="已选择:" />
                <Label name="_ui_select_champname" text="无" />
                <Control />
                <Button class="_normal_btn_class" name="select_yes" text="确定" width="45" height="20"
                    normaltextcolor="black" />
                <Button class="_normal_btn_class" name="select_no" text="取消" width="45" height="20"
                    normaltextcolor="black" margin="5,0,0,0" />
            </HBox>
        </VBox>
    </VBox>
</Window>