<?xml version="1.0" encoding="UTF-8"?>
<Window size="310,250" caption="0,0,0,35">
    <VBox bkcolor="bk_wnd_darkcolor">
        <HBox width="stretch" height="auto" bkcolor="bk_wnd_lightcolor">
            <Control height="auto" width="auto" margin="4" valign="center" bkimage="logo_18x18.png" />
            <Label text="助手设置" margin="2,0,0,0" valign="center" />
            <Control />
            <Button class="btn_wnd_close" name="closebtn" margin="0,0,0,0" />
        </HBox>
        <!-- 横线是宽 width 竖线是高 height -->
        <VBox margin="20,10,0,0">
            <Label text="匹配助手:" margin="0,0,0,0" />
            <HBox height="auto" margin="20,0,0,0">
                <Label text="秒选英雄: " margin="0,0,0,0" align="left" />
                <Label text="无" font="arial_12" name="_ui_lockchamp" margin="0,0,0,0" align="left" />
                <Control />
                <Button class="_normal_btn_class" text="选择其他" name="_ui_lockaotherchamp"
                    margin="0,0,20,0" width="55" height="20" />
            </HBox>
            <HBox height="auto" margin="0,2,0,0">
                <CheckBox class="_checkbox_class" text="秒选后自动锁定" name="_ui_autolock"
                    margin="20,0,0,0" />
                <Control />
                <Label text="锁定延时:" margin="0,0,0,0" align="left" />
                <RichEdit class="_edit_class" multiline="false" name="_ui_autolocktimeout"
                    number="true" align="hcenter" promptmode="true" prompttext=" 0~30"
                    promptcolor="blue" height="20"
                    width="40" />
            </HBox>

            <HBox height="auto" margin="0,2,0,0">
                <Label text="自动接受对局延时:" margin="0,0,0,0" align="left" />
                <RichEdit class="_edit_class" multiline="false" name="_ui_accepttimeout"
                    number="true" align="hcenter" promptmode="true" prompttext="0~10"
                    promptcolor="blue" height="20"
                    width="40" />
            </HBox>
            <Label text="大乱斗助手:" margin="0,0,0,0" />
            <VBox height="auto" margin="0,0,0,0">
                <Label text="骰子使用策略:" align="left" margin="20,0,0,0" />
                <HBox height="auto" margin="0,2,0,0">
                    <Option class="_checkbox_class" text="总是使用" group="_reroller" name="_reroller1"
                        margin="0,0,15,0" selected="true" />
                    <Option class="_checkbox_class" text="选到喜欢英雄则不使用" group="_reroller"
                        name="_reroller2" margin="0,0,15,0" />
                    <Option class="_checkbox_class" text="总是不使用" group="_reroller" name="_reroller3"
                        margin="0,0,0,0" />
                </HBox>
            </VBox>
            <HBox height="auto" margin="0,2,0,0">
                <Label text="选择英雄策略最大时间:" margin="20,0,0,0" align="left" />
                <RichEdit class="_edit_class" multiline="false" name="_ui_arammaxtimeout"
                    number="true" align="hcenter" promptmode="true" prompttext="0~30"
                    promptcolor="blue" height="20"
                    width="40" />
            </HBox>

            <HBox height="auto" margin="10,2,0,0">
                <Label text="英雄喜好:" margin="10,0,0,0" align="left" />
                <Combo class="list" name="_ui_lovachamplist" height="20" margin="5,0,5,0"
                    padding="6" />
                <Button class="_normal_btn_class" text="选择其他" name="_ui_lovaaotherchamp"
                    normaltextcolor="black"
                    margin="0,0,20,0" width="55" height="20" />
            </HBox>
            <HBox margin="0,5,0,0">
                <VBox>
                    <Button class="_normal_btn_class" text="导入配置" name="_ui_loadconfig"
                        width="55" height="20"
                        margin="0,0,0,2" />
                    <Button class="_normal_btn_class" width="55" height="20" text="导出配置"
                        name="_ui_outputconfig" />
                </VBox>
                <Control width="160" />
                <VBox>
                    <Button class="_normal_btn_class" text="保存" name="_ui_saveconfig"
                        width="45" height="20" margin="0,0,20,2" />
                    <Button class="_normal_btn_class" text="取消" name="_ui_cancal"
                        width="45" height="20" />
                </VBox>
            </HBox>
        </VBox>
        <!-- margin ="左,上,右,下" -->
    </VBox>
</Window>